{
    "rho_max": 0.13333,
    "omega_safe_min": 13.69398948053527,
    "omega_safe_max": 14.121389480534274,
    "mean": 13.954992749683601,
    "std": 0.5204884848624693,
    "coeffs": {
        "alpha": [
            0.0,
            0.043648918306965406,
            0.021194671679872816,
            -0.0,
            0.0004591326983565883
        ],
        "lambda": [
            0.0,
            30.80302976443196,
            -12.54652791497466,
            4.235096851335293,
            -4.315979883950932,
            5.916664824150079,
            -3.0150501718493534,
            0.6784853388652368,
            -0.2649156142307469,
            0.08318991607949226,
            -0.02445141253667184,
            0.010161293284197572,
            -0.002664559220850076,
            0.0012501295821564936,
            -0.00032294275501245864,
            0.0001550309927149279,
            -4.091323798275015e-05,
            1.9327692826349253e-05,
            -5.257875224882318e-06,
            2.417436663219445e-06,
            -6.778676164000396e-07,
            3.0301989942455613e-07,
            -8.736064212272674e-08,
            3.804463310599845e-08,
            -1.1243418632277381e-08,
            4.7829572082400475e-09
        ],
        "p": [
            0.0,
            0.31035990868338026,
            -0.0014369579971968364,
            -0.0006149543911028254
        ]
    }
}