{
    "rho_max": 0.13333,
    "omega_safe_min": 12.320480568598912,
    "omega_safe_max": 14.594710347204359,
    "mean": 0.0,
    "std": 1.0,
    "coeffs": {
        "alpha": [
            0.0,
            0.18
        ],
        "lambda": [
            0.0,
            0.7990840321400725,
            0.527651168447824
        ],
        "p": [
            0.0,
            0.33
        ]
    }
}