{
    "rho_max": 0.1333333,
    "omega_safe_min": 8.350001549447544,
    "omega_safe_max": 13.690001549435099,
    "mean": 10.881854589284977,
    "std": 1.2093625977731195,
    "coeffs": {
        "alpha": [
            0.0,
            0.061777899799324534,
            0.010901459950236243,
            0.002234373628050969,
            -0.0007839055947150575,
            3.338371542452056e-05,
            -2.200911390611108e-05,
            2.781099486202045e-06,
            3.173397300201055e-05,
            -6.023550967140062e-06,
            -8.655607471110767e-06,
            2.5778361440555217e-06
        ],
        "lambda": [
            0.0,
            14.757262267933474,
            -0.7642120879847064,
            -0.2872731079851884,
            0.22616541387318717,
            -0.03675159071603715,
            -0.0006638516450439082,
            0.00023343726624867574,
            -0.005111213029583039,
            0.0016480672936952509,
            0.0011971217653224387,
            -0.0004217261195417683
        ],
        "p": [
            0.0,
            0.085409247492536,
            -0.002221682153325773,
            -0.0010601602460172399,
            0.0007267383317588842,
            -0.0001633342121605304,
            -2.9782824866633928e-05,
            2.364871266226175e-05,
            -2.1779256370481613e-05,
            1.5927366927833201e-06,
            7.255861972927521e-06,
            -2.091578271767191e-06
        ],
        "rho_c": null,
        "Q_max": null
    }
}